PAC,Lon,Lat,District,15/12/2018,16/12/2018,17/12/2018,18/12/2018,19/12/2018,20/12/2018,21/12/2018,22/12/2018,23/12/2018,24/12/2018,25/12/2018,26/12/2018,27/12/2018,28/12/2018,29/12/2018,30/12/2018,31/12/2018,01/01/2019,02/01/2019,03/01/2019,04/01/2019,05/01/2019,06/01/2019,07/01/2019,08/01/2019,09/01/2019,10/01/2019,11/01/2019,12/01/2019,13/01/2019,14/01/2019,15/01/2019,16/01/2019,17/01/2019,18/01/2019,19/01/2019,20/01/2019,21/01/2019,22/01/2019,23/01/2019,24/01/2019,25/01/2019,26/01/2019,27/01/2019,28/01/2019,29/01/2019,30/01/2019,31/01/2019,01/02/2019,02/02/2019,03/02/2019,04/02/2019,05/02/2019,06/02/2019,07/02/2019,08/02/2019,09/02/2019,10/02/2019,11/02/2019,12/02/2019,13/02/2019,14/02/2019,15/02/2019,16/02/2019,17/02/2019,18/02/2019,19/02/2019,20/02/2019,21/02/2019,22/02/2019,23/02/2019,24/02/2019,25/02/2019,26/02/2019,27/02/2019,28/02/2019,01/03/2019,02/03/2019,03/03/2019,04/03/2019,05/03/2019,06/03/2019,07/03/2019,08/03/2019,09/03/2019,10/03/2019,11/03/2019,12/03/2019,13/03/2019,14/03/2019,15/03/2019,16/03/2019,17/03/2019,18/03/2019,19/03/2019,20/03/2019,21/03/2019,22/03/2019,23/03/2019,24/03/2019,25/03/2019,26/03/2019,27/03/2019,28/03/2019,29/03/2019,30/03/2019,31/03/2019,01/04/2019,02/04/2019,03/04/2019,04/04/2019,05/04/2019,06/04/2019,07/04/2019,08/04/2019,09/04/2019,10/04/2019,11/04/2019,12/04/2019,13/04/2019,14/04/2019,15/04/2019,16/04/2019,17/04/2019,18/04/2019,19/04/2019,20/04/2019,21/04/2019,22/04/2019,23/04/2019,24/04/2019,25/04/2019,26/04/2019,27/04/2019,28/04/2019,29/04/2019,30/04/2019,01/05/2019,02/05/2019,03/05/2019,04/05/2019,05/05/2019,06/05/2019,07/05/2019,08/05/2019,09/05/2019,10/05/2019,11/05/2019,12/05/2019,13/05/2019,14/05/2019,15/05/2019,16/05/2019,17/05/2019,18/05/2019,19/05/2019,20/05/2019,21/05/2019,22/05/2019,23/05/2019,24/05/2019,25/05/2019,26/05/2019,27/05/2019,28/05/2019,29/05/2019,30/05/2019,31/05/2019,01/06/2019,02/06/2019,03/06/2019,04/06/2019,05/06/2019,06/06/2019,07/06/2019,08/06/2019,09/06/2019,10/06/2019,11/06/2019,12/06/2019,13/06/2019,14/06/2019,15/06/2019,16/06/2019,17/06/2019,18/06/2019,19/06/2019,20/06/2019,21/06/2019,22/06/2019,23/06/2019,24/06/2019,25/06/2019,26/06/2019,27/06/2019,28/06/2019,29/06/2019,30/06/2019,01/07/2019,02/07/2019,03/07/2019,04/07/2019,05/07/2019,06/07/2019,07/07/2019,08/07/2019,09/07/2019,10/07/2019,11/07/2019,12/07/2019,13/07/2019,14/07/2019,15/07/2019,16/07/2019,17/07/2019,18/07/2019,19/07/2019,21/07/2019,22/07/2019,23/07/2019,24/07/2019,25/07/2019,26/07/2019,27/07/2019,28/07/2019,29/07/2019,30/07/2019,31/07/2019,01/08/2019,02/08/2019,03/08/2019,04/08/2019,05/08/2019,06/08/2019,07/08/2019,08/08/2019,09/08/2019,10/08/2019,11/08/2019,12/08/2019,13/08/2019,14/08/2019,15/08/2019,16/08/2019,17/08/2019,18/08/2019,19/08/2019,20/08/2019,21/08/2019,22/08/2019,23/08/2019,24/08/2019,25/08/2019,26/08/2019,27/08/2019,28/08/2019,29/08/2019,30/08/2019,31/08/2019,01/09/2019,02/09/2019,03/09/2019,04/09/2019,05/09/2019,06/09/2019,07/09/2019,08/09/2019,09/09/2019,10/09/2019,11/09/2019,12/09/2019,13/09/2019,14/09/2019,15/09/2019,16/09/2019,17/09/2019,18/09/2019,19/09/2019,20/09/2019,21/09/2019,22/09/2019,23/09/2019,24/09/2019,25/09/2019,26/09/2019,27/09/2019,28/09/2019,29/09/2019,30/09/2019,01/10/2019,03/10/2019,04/10/2019,05/10/2019,06/10/2019,07/10/2019,08/10/2019,09/10/2019,10/10/2019,11/10/2019,12/10/2019,13/10/2019,14/10/2019,15/10/2019,16/10/2019,17/10/2019,18/10/2019,19/10/2019,20/10/2019,21/10/2019,23/10/2019,25/10/2019,26/10/2019,27/10/2019,28/10/2019,29/10/2019,30/10/2019,31/10/2019,01/11/2019,02/11/2019,03/11/2019,04/11/2019,05/11/2019,06/11/2019,07/11/2019,08/11/2019,09/11/2019,10/11/2019,11/11/2019,13/11/2019,14/11/2019,15/11/2019,16/11/2019,17/11/2019,18/11/2019,19/11/2019,20/11/2019,21/11/2019,22/11/2019,23/11/2019,24/11/2019,25/11/2019,26/11/2019,27/11/2019,28/11/2019,29/11/2019,30/11/2019,01/12/2019,02/12/2019,03/12/2019,04/12/2019,05/12/2019,06/12/2019,07/12/2019,08/12/2019,09/12/2019,10/12/2019,11/12/2019,12/12/2019,13/12/2019,14/12/2019,15/12/2019,16/12/2019,17/12/2019,18/12/2019,19/12/2019,20/12/2019,21/12/2019,22/12/2019,23/12/2019,24/12/2019,25/12/2019,26/12/2019,27/12/2019,28/12/2019,29/12/2019,30/12/2019,31/12/2019,01/01/2020,02/01/2020,03/01/2020,04/01/2020,05/01/2020,06/01/2020,07/01/2020,08/01/2020,09/01/2020,10/01/2020,11/01/2020,13/01/2020,14/01/2020,15/01/2020,16/01/2020,17/01/2020,18/01/2020,19/01/2020,20/01/2020,21/01/2020,22/01/2020,23/01/2020,24/01/2020,25/01/2020,26/01/2020,27/01/2020,28/01/2020,29/01/2020,30/01/2020,31/01/2020,01/02/2020,02/02/2020,03/02/2020,04/02/2020,05/02/2020,06/02/2020,07/02/2020,08/02/2020,09/02/2020,10/02/2020,11/02/2020,12/02/2020,13/02/2020,14/02/2020,15/02/2020,16/02/2020,17/02/2020,18/02/2020,19/02/2020,20/02/2020,21/02/2020,22/02/2020,23/02/2020,24/02/2020,25/02/2020,26/02/2020,27/02/2020,28/02/2020,29/02/2020,01/03/2020,02/03/2020,03/03/2020,04/03/2020,05/03/2020,06/03/2020,07/03/2020,08/03/2020,09/03/2020,10/03/2020,11/03/2020,12/03/2020,13/03/2020,14/03/2020,15/03/2020,16/03/2020,17/03/2020,18/03/2020,19/03/2020,20/03/2020,21/03/2020,22/03/2020,23/03/2020,24/03/2020,25/03/2020,26/03/2020,27/03/2020,28/03/2020,29/03/2020,30/03/2020,31/03/2020,01/04/2020,02/04/2020,03/04/2020,04/04/2020,05/04/2020,06/04/2020,07/04/2020,08/04/2020,09/04/2020,10/04/2020,11/04/2020,12/04/2020,13/04/2020,14/04/2020,15/04/2020,16/04/2020,17/04/2020,18/04/2020,19/04/2020,20/04/2020,21/04/2020,22/04/2020,23/04/2020,24/04/2020,25/04/2020,26/04/2020,27/04/2020,28/04/2020,29/04/2020,30/04/2020,01/05/2020,02/05/2020,03/05/2020,04/05/2020,05/05/2020,06/05/2020,07/05/2020,08/05/2020,09/05/2020,10/05/2020,11/05/2020,12/05/2020,13/05/2020,14/05/2020,15/05/2020,16/05/2020,17/05/2020,18/05/2020,19/05/2020,20/05/2020,21/05/2020,22/05/2020,23/05/2020,24/05/2020,25/05/2020,26/05/2020,27/05/2020,28/05/2020,29/05/2020,30/05/2020,31/05/2020,01/06/2020,02/06/2020,03/06/2020,04/06/2020,05/06/2020,06/06/2020,07/06/2020,08/06/2020,09/06/2020,10/06/2020,11/06/2020,12/06/2020,13/06/2020,14/06/2020,15/06/2020,16/06/2020,17/06/2020,18/06/2020,19/06/2020,20/06/2020,21/06/2020,22/06/2020,24/06/2020,25/06/2020,26/06/2020,27/06/2020,28/06/2020,29/06/2020,30/06/2020,01/07/2020,02/07/2020,03/07/2020,04/07/2020,05/07/2020,06/07/2020,07/07/2020,08/07/2020,09/07/2020,10/07/2020,11/07/2020,12/07/2020,13/07/2020,14/07/2020,15/07/2020,16/07/2020,17/07/2020,18/07/2020,19/07/2020,20/07/2020,21/07/2020,22/07/2020,23/07/2020,24/07/2020,25/07/2020,26/07/2020,27/07/2020,28/07/2020,29/07/2020,30/07/2020,31/07/2020,01/08/2020,02/08/2020,03/08/2020,04/08/2020,05/08/2020,06/08/2020,07/08/2020,08/08/2020,09/08/2020,10/08/2020,11/08/2020,12/08/2020,13/08/2020,15/08/2020,16/08/2020,17/08/2020,18/08/2020,19/08/2020,20/08/2020,21/08/2020,22/08/2020,23/08/2020,24/08/2020,25/08/2020,26/08/2020,27/08/2020,28/08/2020,29/08/2020,30/08/2020,31/08/2020,01/09/2020,02/09/2020,03/09/2020,04/09/2020,05/09/2020,06/09/2020,07/09/2020,08/09/2020,09/09/2020,10/09/2020,11/09/2020,12/09/2020,13/09/2020,14/09/2020,15/09/2020,16/09/2020,17/09/2020,18/09/2020,19/09/2020,20/09/2020,21/09/2020,22/09/2020,23/09/2020,24/09/2020,25/09/2020,26/09/2020,27/09/2020,28/09/2020,29/09/2020,30/09/2020,01/10/2020,02/10/2020,03/10/2020,04/10/2020,05/10/2020,06/10/2020,07/10/2020,08/10/2020,09/10/2020,10/10/2020,11/10/2020,12/10/2020,13/10/2020,14/10/2020,15/10/2020,16/10/2020,17/10/2020,18/10/2020,19/10/2020,20/10/2020,21/10/2020,22/10/2020,23/10/2020,24/10/2020,25/10/2020,26/10/2020,27/10/2020,28/10/2020,29/10/2020,30/10/2020,31/10/2020,01/11/2020,02/11/2020,03/11/2020,04/11/2020,05/11/2020,06/11/2020,07/11/2020,08/11/2020,09/11/2020,10/11/2020,11/11/2020,12/11/2020,13/11/2020,14/11/2020,15/11/2020,17/11/2020,18/11/2020,19/11/2020,20/11/2020,21/11/2020,22/11/2020,23/11/2020,24/11/2020,25/11/2020,26/11/2020,27/11/2020,28/11/2020,29/11/2020,30/11/2020,01/12/2020,02/12/2020,03/12/2020,04/12/2020,05/12/2020,06/12/2020,07/12/2020,08/12/2020,09/12/2020,10/12/2020,11/12/2020,12/12/2020,13/12/2020,14/12/2020,15/12/2020,17/12/2020,18/12/2020,19/12/2020,20/12/2020,21/12/2020,22/12/2020,23/12/2020,24/12/2020,25/12/2020,26/12/2020,27/12/2020,28/12/2020,29/12/2020,30/12/2020,31/12/2020,01/01/2021,02/01/2021,03/01/2021,04/01/2021,05/01/2021,06/01/2021,07/01/2021,08/01/2021,09/01/2021,10/01/2021,11/01/2021,12/01/2021,13/01/2021,14/01/2021,15/01/2021,16/01/2021,17/01/2021,18/01/2021,19/01/2021,20/01/2021,21/01/2021,22/01/2021,23/01/2021,24/01/2021,25/01/2021,26/01/2021,27/01/2021,28/01/2021,29/01/2021,30/01/2021,31/01/2021,01/02/2021,02/02/2021,03/02/2021,05/02/2021,06/02/2021,07/02/2021,08/02/2021,09/02/2021,10/02/2021,11/02/2021,12/02/2021,13/02/2021,14/02/2021,15/02/2021,16/02/2021,17/02/2021,18/02/2021,19/02/2021,20/02/2021,21/02/2021,22/02/2021,23/02/2021,24/02/2021,25/02/2021,26/02/2021,27/02/2021,28/02/2021,01/03/2021,02/03/2021,03/03/2021,04/03/2021,05/03/2021,06/03/2021,07/03/2021,08/03/2021,09/03/2021,10/03/2021,11/03/2021,12/03/2021,13/03/2021,14/03/2021,15/03/2021,16/03/2021,17/03/2021,18/03/2021,19/03/2021,20/03/2021,21/03/2021,22/03/2021,23/03/2021,24/03/2021,25/03/2021,26/03/2021,27/03/2021,28/03/2021,29/03/2021,30/03/2021,31/03/2021
310113,121.48,31.4,Baoshan,70,100,148,125,113,75,67,52,72,53,38,39,32,45,45,48,43,40,93,74,83,55,49,57,78,53,58,64,65,110,97,142,55,113,114,119,122,97,125,139,139,73,38,72,85,67,67,36,82,79,100,104,57,67,37,34,35,35,38,43,42,42,40,53,43,67,59,68,78,62,160,132,94,59,62,62,127,78,102,127,113,119,84,67,101,68,97,103,73,63,70,80,122,68,67,59,80,42,47,55,80,87,92,92,83,77,47,70,83,85,64,100,79,115,99,55,41,58,92,68,77,92,68,87,88,78,60,69,67,82,109,59,44,49,64,65,57,80,85,101,100,65,50,53,59,107,73,104,84,53,47,50,65,63,48,75,60,104,96,178,96,67,37,48,52,98,87,85,64,57,56,62,65,44,51,60,63,59,55,49,48,49,130,97,66,59,45,58,45,43,48,64,42,68,69,84,63,74,75,80,62,73,64,61,115,75,38,52,79,74,47,64,63,63,44,37,35,67,65,80,65,75,80,75,50,75,77,55,35,34,37,47,40,43,45,35,28,25,29,60,103,80,67,89,105,47,48,43,70,67,46,44,39,54,57,49,77,73,62,49,60,70,72,53,37,53,65,54,81,60,45,44,43,37,48,47,46,38,45,39,37,60,93,80,75,54,50,46,42,20,54,49,45,47,64,82,65,74,67,71,60,45,40,60,58,60,73,82,68,67,80,40,69,98,143,151,143,108,111,55,58,51,60,65,45,69,84,106,74,75,83,83,68,95,106,69,69,83,82,57,43,52,50,48,49,65,52,92,118,137,77,37,82,112,118,121,147,67,101,77,57,88,95,40,55,63,62,50,57,50,84,54,99,99,89,104,55,67,87,58,94,70,64,64,57,50,40,45,169,162,54,34,59,92,110,169,115,105,52,65,32,35,35,107,84,87,64,70,53,73,40,40,36,38,54,102,60,44,69,67,38,28,70,42,39,44,60,49,89,55,63,65,39,45,57,47,36,43,43,45,46,54,79,48,47,45,88,67,52,59,88,58,85,92,66,60,69,55,58,83,63,82,41,38,36,39,47,67,53,55,92,61,58,89,101,78,50,49,74,82,90,103,90,97,73,56,107,52,62,65,98,91,64,57,65,94,136,68,97,122,77,49,40,54,40,60,105,123,97,69,82,53,87,88,83,75,112,75,68,50,100,79,54,89,162,105,55,100,131,133,60,77,57,46,63,55,39,72,68,100,74,47,58,65,54,44,75,67,40,39,55,63,61,54,73,40,89,61,45,50,42,50,48,80,62,33,35,50,91,49,58,48,52,60,63,63,45,88,85,64,48,120,85,45,69,50,35,31,49,52,31,30,27,71,71,43,99,60,65,52,101,71,112,69,50,63,47,40,37,39,34,39,34,100,40,50,46,28,31,33,124,124,84,75,183,130,127,73,70,52,63,52,78,78,53,70,82,70,84,65,63,52,50,48,49,57,54,58,76,87,41,48,41,46,47,63,57,60,62,61,55,61,44,55,55,59,55,75,79,90,80,60,80,90,68,57,45,50,73,89,80,58,48,63,93,125,89,60,70,59,73,57,66,65,39,45,58,45,44,37,35,37,48,52,35,37,39,75,39,37,69,47,64,65,58,63,73,80,114,200,173,32,39,57,67,52,50,94,114,105,125,74,83,102,124,60,51,59,74,83,65,67,45,51,70,56,79,94,84,100,103,111,87,66,73,98,74,60,78,55,70,83,70,59,73,89,64,65,72,92,65,66,68,87,94,42,36,50,40,45,54,50,50,47,45,45,65,54,59,63,47,41,50,44,36,55,53,46,50,67,70,46,39,45,47,55,72,65,89,77,78,66,68,65,57,44,79,78,73,74,89,54,47,87,82,187,98
310105,121.42,31.22,Changning,70,100,134,113,115,89,102,69,69,58,62,35,36,46,54,57,53,43,95,72,75,63,58,67,79,58,65,74,69,110,105,145,58,109,114,114,128,95,117,129,128,65,36,57,85,64,77,39,90,77,100,109,60,69,39,34,35,34,40,42,41,42,45,59,42,53,68,62,80,68,160,145,107,59,62,63,124,70,107,127,109,112,98,44,98,73,98,107,61,54,72,79,115,49,63,57,79,44,51,68,84,90,89,97,69,85,53,71,63,87,57,109,90,117,110,52,42,59,80,80,67,62,54,77,117,62,42,47,49,73,140,63,47,62,55,59,50,80,75,75,91,84,54,60,66,127,120,155,106,49,47,34,63,48,53,83,62,124,143,191,118,65,39,49,60,88,76,87,58,75,85,100,85,41,60,90,88,60,64,60,48,60,164,162,74,42,43,35,35,43,59,67,40,43,86,125,53,42,43,59,65,65,68,67,122,115,34,39,53,45,43,95,63,34,38,22,20,98,87,105,75,67,100,65,67,87,94,67,41,27,25,24,23,39,39,26,24,36,39,88,75,137,113,159,179,87,77,70,111,95,50,32,23,74,74,44,50,99,83,50,43,65,62,39,27,68,95,44,112,60,63,55,43,50,73,63,70,46,71,48,43,54,110,95,39,60,54,53,43,15,38,61,49,46,52,70,59,69,58,63,52,42,37,54,53,54,65,79,61,60,74,36,67,84,123,127,130,78,93,49,52,44,52,51,42,55,69,95,72,69,57,58,62,88,95,67,64,75,60,48,34,53,48,35,54,74,50,83,108,130,80,39,79,107,110,111,137,68,83,80,48,69,89,43,55,67,64,57,62,54,78,57,90,94,77,100,33,57,80,68,87,54,59,65,59,58,48,49,160,162,55,42,57,90,108,163,127,102,46,63,34,37,40,105,88,94,74,58,52,83,47,47,40,40,53,99,62,45,62,67,33,29,39,42,40,54,42,43,87,57,68,64,41,46,46,39,35,45,39,47,49,64,85,55,40,47,83,64,42,46,70,43,75,101,60,59,80,57,43,59,64,69,40,37,36,47,44,69,50,56,89,60,44,75,76,75,62,46,70,80,107,89,100,94,68,55,102,43,70,64,99,95,65,54,62,92,125,62,85,120,87,52,40,60,37,60,103,125,92,70,81,54,97,93,95,93,132,85,80,59,117,84,44,85,151,85,58,117,126,129,47,80,40,48,70,51,31,44,70,111,128,49,62,66,76,44,80,65,40,41,50,50,80,35,40,36,123,74,45,44,41,40,48,71,40,39,31,39,99,50,52,40,40,37,65,70,49,90,121,90,65,159,137,57,76,60,40,31,61,61,30,27,30,68,80,74,97,66,67,70,95,75,97,58,53,61,61,42,36,37,37,53,35,89,39,40,43,31,33,38,127,127,87,80,166,137,130,75,58,48,65,52,62,70,53,67,98,64,57,59,65,54,55,47,47,46,43,52,88,91,38,46,40,44,48,60,55,59,63,59,50,58,43,53,51,53,49,67,102,89,78,59,55,52,45,45,40,53,62,69,77,56,44,42,82,117,85,57,69,62,57,54,62,65,34,37,60,46,39,39,38,44,55,62,42,39,43,74,47,49,68,58,77,79,63,68,68,94,122,205,176,35,43,67,72,58,57,102,108,100,124,83,69,101,114,73,49,58,80,89,69,67,46,51,64,53,83,100,93,95,102,103,84,67,66,102,77,50,78,57,68,87,60,64,72,92,62,60,67,90,63,62,62,80,93,40,37,34,34,50,50,49,54,45,42,43,65,55,61,63,44,39,43,40,35,47,50,42,47,70,70,39,42,47,59,57,62,67,88,77,69,59,67,62,62,52,79,70,77,69,83,49,49,85,89,175,103
310151,121.39,31.62,Chongming,30,117,180,95,100,31,59,46,77,50,26,30,30,92,42,43,37,42,100,69,35,42,37,36,85,35,32,32,57,114,98,145,39,104,105,127,109,77,129,149,100,48,41,39,89,57,40,47,84,77,115,120,63,75,48,36,41,38,53,46,49,49,44,57,50,42,40,78,85,72,182,139,84,63,47,49,140,100,89,125,110,138,90,60,44,49,108,117,52,43,79,63,117,54,61,60,78,55,65,66,79,104,83,94,66,77,60,81,64,80,65,118,105,125,82,50,50,74,100,74,78,77,57,85,121,60,50,41,41,72,62,49,51,65,44,40,53,83,75,86,102,90,60,68,70,136,101,124,90,59,62,39,45,40,47,52,60,132,176,203,117,73,44,57,66,85,65,89,76,80,72,87,92,49,68,91,85,68,66,65,61,69,140,107,81,47,60,47,47,55,61,75,53,39,47,90,60,51,28,62,74,63,67,85,136,62,42,43,64,46,63,95,66,46,31,22,26,66,93,114,68,101,103,78,77,100,120,62,18,27,23,22,21,33,38,24,26,38,38,82,97,123,93,121,162,78,70,50,65,73,50,70,27,55,63,43,45,93,75,50,44,31,36,19,18,78,75,31,116,56,51,41,43,53,75,65,70,45,76,49,47,49,103,84,65,52,50,50,49,27,43,57,47,48,36,72,46,53,57,75,64,47,40,47,53,55,75,85,70,70,80,41,40,82,121,111,120,81,107,50,58,49,53,66,45,48,73,78,69,67,54,49,53,82,89,63,37,40,35,45,32,36,35,33,32,34,35,78,103,102,75,40,47,82,103,94,81,50,43,65,37,49,87,35,35,63,39,40,48,39,33,33,75,74,65,88,32,33,25,30,88,46,47,50,40,42,36,40,137,135,48,39,50,88,115,156,82,104,40,55,37,40,43,105,95,67,45,48,56,63,39,37,39,41,57,98,69,44,63,52,32,30,45,45,46,45,48,39,93,46,59,53,45,50,38,42,44,50,48,51,55,60,60,55,46,49,83,62,47,43,65,47,70,83,62,55,69,55,55,67,45,45,47,41,42,47,49,78,64,69,99,65,60,55,75,60,64,55,72,87,92,95,76,78,78,64,111,46,63,73,60,76,58,50,62,76,129,51,94,135,70,59,41,57,38,53,87,138,111,63,63,55,62,67,52,81,123,94,74,57,89,85,56,66,163,82,60,90,113,145,49,98,46,48,65,56,36,53,42,113,84,43,47,80,60,44,76,76,43,44,65,68,66,42,42,45,82,70,48,68,47,42,30,116,63,36,46,38,99,46,59,53,46,34,58,77,35,94,96,80,51,103,82,46,60,59,32,23,47,55,28,30,28,86,80,31,82,59,79,75,109,80,100,48,43,72,51,37,30,31,28,27,27,100,43,36,42,27,35,42,111,139,79,70,154,146,119,61,55,48,55,48,36,75,58,39,75,77,49,66,39,47,48,44,49,47,47,53,73,87,45,50,38,43,46,55,51,54,58,60,51,59,44,40,54,54,54,73,60,84,63,46,44,47,48,40,44,45,49,46,74,51,41,41,47,108,85,55,52,49,55,55,65,57,31,37,55,37,35,29,32,30,34,38,33,34,39,80,38,29,64,38,38,40,60,59,45,57,107,199,137,28,31,46,67,52,35,60,79,65,113,60,29,72,83,28,39,51,54,80,60,37,40,43,20,27,53,69,73,100,104,106,85,57,63,80,54,33,60,39,64,73,35,32,70,77,58,57,68,84,57,56,35,92,92,40,39,32,33,50,55,60,48,48,42,44,52,58,64,62,47,47,42,44,39,35,37,43,42,46,42,43,39,46,38,50,46,54,77,62,63,65,62,60,42,48,72,51,77,50,89,49,48,93,81,182,93
310120,121.28,30.55,Fengxian,55,97,123,109,95,79,95,48,63,57,54,28,38,51,51,58,50,45,90,74,58,57,52,45,78,45,47,54,65,104,98,137,54,103,108,99,132,69,109,125,138,53,34,43,73,77,50,42,85,64,89,109,58,52,41,38,39,36,39,39,47,47,34,59,48,35,52,57,67,65,162,169,127,56,54,50,120,74,102,130,107,97,97,56,72,79,94,102,55,52,65,75,104,60,67,65,67,45,49,74,75,74,57,67,65,82,54,82,75,70,50,95,108,126,108,62,40,55,90,78,65,79,64,62,122,56,49,41,28,74,114,45,40,72,45,49,44,91,81,70,99,100,61,73,74,135,113,121,90,65,57,35,48,38,55,80,66,122,186,205,144,75,47,61,62,69,87,93,79,83,90,94,85,50,82,85,74,81,67,65,56,72,198,161,75,41,54,41,39,44,65,73,46,34,104,106,54,55,53,71,75,73,59,76,119,139,40,37,67,39,49,94,65,41,34,22,24,80,79,102,110,111,124,115,60,74,77,51,40,27,24,20,24,32,39,24,22,43,49,121,108,155,139,162,177,92,77,79,119,108,57,32,24,80,100,79,44,111,85,51,35,48,50,20,24,76,109,46,109,70,69,60,50,56,74,73,71,51,73,49,45,63,119,130,85,72,81,68,53,19,53,59,64,52,51,65,58,70,48,65,53,47,39,43,48,59,78,90,70,69,84,36,50,68,111,122,127,81,119,55,67,52,49,55,44,55,90,78,74,66,61,65,48,78,93,65,52,63,40,42,33,50,45,35,50,49,43,85,105,130,78,38,80,102,99,77,139,59,68,69,42,43,89,43,67,69,48,48,45,40,55,48,93,88,58,94,34,43,49,68,67,52,44,48,59,50,30,43,142,158,55,35,54,90,99,142,134,93,49,55,37,41,41,94,87,104,82,52,57,79,47,48,39,44,48,92,64,49,52,69,37,22,43,46,43,52,47,46,85,52,71,59,41,49,45,43,37,48,41,47,52,60,74,55,18,47,83,57,43,46,63,48,78,100,64,56,77,58,50,67,61,46,41,38,33,39,48,64,59,60,85,60,47,47,89,92,75,46,75,89,117,97,108,74,77,62,113,49,78,70,102,118,76,58,64,87,93,50,76,131,84,61,39,65,39,55,79,133,95,72,72,85,58,88,124,110,135,87,77,55,97,73,48,90,133,77,65,115,116,112,37,72,44,49,66,48,35,59,74,128,127,93,45,45,117,67,85,61,45,45,49,52,79,32,44,39,147,76,50,47,49,40,32,74,60,37,35,49,116,38,53,42,45,37,104,95,37,126,104,108,77,149,128,91,86,66,36,29,49,51,29,30,38,97,93,84,84,92,57,72,113,77,90,47,45,52,62,45,34,35,29,59,89,121,46,42,38,30,37,41,136,161,90,90,178,149,105,84,55,49,69,42,40,50,52,50,87,67,55,57,50,50,50,50,54,50,54,60,92,89,42,48,43,44,48,61,59,58,65,62,55,64,47,39,52,59,50,80,84,89,81,49,55,51,50,48,41,52,57,59,79,63,43,43,64,107,85,62,60,58,48,49,62,53,31,36,53,52,37,33,35,39,44,53,40,34,43,67,37,45,64,54,60,68,48,64,50,89,117,206,168,32,43,53,64,62,52,72,85,78,118,68,59,80,84,54,50,55,62,75,57,53,44,48,70,52,65,79,80,91,71,79,74,72,66,79,63,40,54,54,69,98,48,59,67,89,60,56,50,75,60,61,49,84,88,42,41,36,33,55,50,50,55,42,43,44,66,68,71,70,47,46,44,41,40,31,38,41,45,57,39,42,38,47,40,59,62,64,87,75,70,53,64,59,50,52,82,55,89,49,106,53,35,96,85,180,106
310109,121.5,31.26,Hongkou,70,97,142,117,114,93,98,69,64,58,70,40,34,44,50,55,48,42,92,78,75,64,57,65,73,64,69,82,74,109,102,142,60,107,109,107,119,100,114,128,129,78,40,63,88,70,80,38,88,74,102,109,59,69,38,35,36,34,43,43,42,42,45,57,42,54,69,67,82,64,172,142,109,57,65,60,122,78,99,124,107,112,84,59,105,75,95,97,58,59,68,73,107,63,68,63,74,44,53,64,78,80,85,92,69,68,50,71,62,82,52,102,87,108,95,47,43,60,77,70,63,60,52,69,104,65,43,48,53,72,117,65,43,59,58,65,59,80,83,78,67,60,44,48,55,95,70,111,87,48,43,30,57,48,50,79,59,99,113,161,92,57,38,41,45,77,74,79,54,56,69,68,77,39,47,71,71,57,45,50,45,51,124,144,57,37,38,32,30,38,47,57,37,38,43,102,50,40,38,49,49,55,45,59,116,86,29,34,53,38,36,59,42,35,36,23,28,82,82,101,70,55,90,53,61,82,95,54,33,22,25,20,23,26,33,25,24,35,29,67,64,122,97,141,133,72,61,48,85,78,52,34,20,67,60,38,54,82,60,45,39,63,58,39,30,67,74,40,72,45,39,34,30,45,61,60,55,42,67,47,41,45,82,77,58,49,48,47,51,15,40,51,46,41,53,75,54,54,54,62,48,42,34,43,50,47,60,70,54,57,67,34,62,101,135,134,130,90,100,46,51,45,50,55,34,55,62,90,73,71,59,55,69,90,92,68,67,74,69,52,33,42,50,35,47,78,50,87,107,132,78,48,90,112,114,117,145,70,88,78,55,74,94,45,63,73,82,63,68,60,92,49,93,95,83,98,33,52,83,65,87,64,53,60,57,58,47,53,148,144,68,45,54,87,109,168,123,98,45,60,32,36,35,103,84,87,59,59,45,77,40,38,35,36,48,97,62,41,68,72,34,27,37,37,34,44,39,38,85,53,62,59,40,47,48,52,41,48,39,43,42,52,82,48,43,43,83,67,38,50,69,39,67,89,65,56,70,48,47,55,55,60,40,35,33,44,40,64,49,50,77,48,41,72,74,53,48,45,69,74,88,83,79,97,62,48,82,40,50,50,77,70,61,43,58,75,119,64,91,112,74,47,52,48,36,60,98,110,80,63,74,60,89,84,79,70,102,71,64,45,86,75,45,80,128,88,49,87,102,106,64,68,38,39,52,52,27,60,67,107,99,47,57,50,50,42,65,60,37,35,53,54,56,53,59,43,84,55,44,43,34,54,54,69,62,49,37,49,83,49,49,43,35,42,58,47,52,79,73,87,57,86,70,49,62,38,39,30,52,52,26,26,30,55,80,60,84,54,60,66,94,57,101,52,51,47,45,34,32,32,27,31,31,84,34,35,43,28,30,30,91,91,60,68,143,136,108,74,47,42,49,50,67,70,48,70,89,65,63,55,69,60,67,68,45,45,47,51,75,75,39,47,37,40,43,52,50,54,53,50,47,54,41,55,53,52,47,65,101,90,77,50,55,58,53,54,39,48,64,67,77,54,43,48,79,117,80,57,68,65,65,70,73,73,35,37,63,48,35,37,33,43,50,55,38,33,38,74,40,45,69,53,67,78,60,65,65,90,107,202,168,38,43,63,67,54,53,99,111,99,124,85,70,100,117,77,48,56,75,85,75,80,46,48,65,54,80,98,93,93,102,107,80,64,68,100,74,48,83,55,64,83,70,63,69,89,60,59,68,95,63,62,59,83,94,32,30,37,43,46,46,49,52,42,41,45,68,50,59,60,44,41,47,40,38,60,60,42,45,68,69,43,38,48,58,59,65,65,95,79,78,70,67,63,73,49,72,73,77,74,87,45,48,79,70,181,98
310101,121.48,31.23,Huangpu,65,98,135,114,111,83,95,64,67,49,60,37,35,43,49,55,52,40,89,68,72,59,52,62,74,54,59,67,62,107,102,135,53,104,109,105,123,80,112,123,120,67,32,49,75,65,78,36,83,72,92,103,60,68,38,33,33,33,39,40,39,40,43,57,39,52,63,60,77,63,155,133,103,53,52,52,119,67,98,127,108,105,87,47,89,69,95,103,57,59,69,75,109,62,70,64,75,43,52,66,80,84,90,99,69,82,48,70,68,89,57,95,87,114,105,55,45,60,87,73,67,59,55,70,102,70,42,58,60,73,130,68,47,57,60,72,63,84,79,85,69,75,48,48,61,106,90,138,95,48,45,40,62,53,54,85,60,100,124,171,95,61,39,44,45,82,70,82,55,59,72,80,75,40,48,74,75,63,50,50,45,49,135,142,56,47,47,35,30,38,46,55,37,45,53,100,54,58,53,54,50,53,54,55,110,95,33,48,63,50,43,71,49,32,34,23,24,85,83,102,75,64,84,55,60,80,88,53,33,25,28,33,23,33,35,27,24,36,35,75,65,117,104,140,146,79,64,52,89,75,49,35,22,67,70,45,53,82,71,50,50,69,69,43,27,70,80,38,65,49,49,46,42,44,38,55,59,40,64,46,39,46,88,75,57,50,46,47,46,23,50,54,47,44,57,77,68,68,60,59,49,42,35,48,54,58,62,73,57,59,67,45,73,92,101,106,89,80,98,47,50,45,45,54,39,53,67,98,74,59,73,78,75,76,84,74,85,95,75,59,38,54,53,45,63,85,24,84,110,130,95,43,74,107,120,115,152,73,101,98,63,79,105,48,60,70,68,55,68,63,90,58,95,103,90,107,37,50,82,74,94,64,60,68,62,60,58,53,172,162,60,45,62,99,117,180,138,107,52,53,32,36,38,112,102,55,57,58,48,69,43,42,39,38,49,94,59,42,52,54,34,25,38,39,36,50,42,42,94,49,65,72,42,44,52,44,37,45,38,46,45,59,90,54,43,46,89,70,41,44,70,41,74,96,58,60,73,59,44,49,62,68,39,36,36,47,45,64,51,53,80,52,43,78,80,57,39,45,72,77,96,73,90,100,68,50,93,43,61,54,90,85,60,50,60,85,121,65,78,117,80,50,33,52,35,62,98,113,80,57,73,50,89,87,85,75,107,77,67,50,94,77,53,80,137,87,50,103,110,111,60,74,42,40,58,50,26,45,65,111,108,44,54,57,52,45,62,59,39,38,49,52,65,45,50,39,85,62,43,42,38,49,49,77,50,50,39,50,94,45,53,40,40,45,70,64,45,90,108,82,54,128,105,56,62,50,34,25,50,50,27,24,29,61,82,66,77,57,52,60,89,59,88,48,46,46,45,35,36,34,28,36,32,79,37,49,46,26,30,31,108,110,74,71,150,130,117,66,54,45,52,57,63,65,45,67,97,74,57,56,64,58,47,43,41,54,50,48,66,68,40,36,34,33,36,45,44,47,47,44,40,49,36,52,50,46,39,58,98,88,76,53,58,57,53,53,40,45,64,79,74,58,42,53,88,113,82,57,65,68,60,62,63,78,40,39,70,49,48,40,39,48,58,64,42,34,40,73,43,50,69,54,67,84,64,65,70,97,114,193,165,35,43,63,63,55,54,100,110,104,119,79,77,101,115,79,41,52,74,88,75,73,48,48,61,51,74,97,88,95,104,108,82,67,69,99,73,57,87,57,65,82,52,58,67,89,61,58,70,93,65,63,63,79,97,39,37,40,39,50,50,54,53,42,42,43,67,57,63,63,43,40,48,39,34,52,50,41,46,65,64,39,37,45,64,60,64,64,87,73,77,61,69,64,70,47,74,63,79,74,85,50,54,84,85,182,105
310114,121.15,31.19,Jiading,73,97,139,120,116,74,70,50,78,55,72,30,34,44,50,47,39,42,93,74,68,46,37,50,77,44,47,57,62,104,100,132,54,108,115,114,115,82,114,133,132,62,33,59,78,62,58,40,89,75,100,112,60,69,40,36,37,34,40,36,42,42,34,55,43,58,55,73,84,72,165,132,102,58,45,48,122,83,99,129,115,117,88,53,87,68,93,102,63,59,67,80,122,57,60,55,83,44,49,70,82,93,79,99,74,87,53,77,79,83,60,109,85,120,107,52,41,59,83,76,70,60,51,75,125,60,43,47,53,73,114,58,39,61,50,52,44,80,74,77,90,72,53,59,66,137,106,157,113,49,48,38,70,53,46,68,62,121,120,187,117,67,38,50,61,94,80,92,59,75,94,120,109,46,69,95,95,67,70,60,50,65,157,161,79,47,41,45,38,43,61,71,39,44,69,124,60,47,49,58,60,62,60,71,128,97,33,40,63,58,44,106,65,35,42,23,20,97,86,107,70,72,97,64,78,98,97,79,45,30,24,34,23,35,43,25,23,33,36,82,119,131,109,141,169,85,77,60,103,113,61,47,25,78,75,37,53,101,79,45,40,53,60,37,20,67,89,40,165,65,58,50,43,50,71,60,65,44,62,46,43,53,87,88,65,61,52,54,44,18,45,55,47,43,55,77,63,81,69,65,57,39,36,43,49,54,70,77,64,59,79,35,59,84,115,122,118,102,99,53,55,47,57,59,42,57,72,87,72,65,67,65,54,77,89,66,63,64,62,50,28,37,32,28,40,57,38,84,117,139,82,36,64,105,118,105,139,58,84,77,49,68,92,38,55,67,54,37,49,43,68,46,97,97,68,100,28,50,69,54,90,54,55,53,55,50,35,48,162,168,53,30,55,90,107,160,123,104,40,59,37,38,41,104,84,88,73,48,48,82,44,45,38,40,54,102,62,44,60,67,30,25,39,40,41,49,40,39,87,55,64,67,42,41,44,33,36,43,40,45,48,60,87,51,39,46,88,67,39,44,63,39,64,89,56,58,77,59,53,60,65,67,40,35,32,37,45,65,47,57,90,57,58,73,77,65,54,45,70,77,101,83,92,84,64,54,105,45,70,60,90,87,58,50,58,95,133,57,99,113,89,48,39,60,39,59,100,117,88,70,85,47,98,100,87,82,125,78,83,58,115,88,44,108,160,102,55,111,135,124,58,85,48,47,73,51,35,53,74,106,122,50,58,58,59,49,80,65,37,38,55,57,80,40,57,39,110,69,45,49,40,50,53,84,53,39,35,53,98,50,52,53,48,52,59,79,48,90,107,79,60,143,104,47,80,70,44,31,59,65,32,28,35,70,75,52,99,57,81,74,100,82,100,68,58,60,54,44,37,39,38,50,37,86,43,49,45,29,33,36,119,119,85,78,161,144,150,80,65,51,70,54,70,70,49,70,89,69,83,68,63,54,55,47,47,55,63,54,80,85,42,46,39,43,43,62,54,55,62,60,49,50,39,59,52,55,50,69,88,85,74,62,73,75,70,55,43,54,72,77,80,53,54,58,93,117,86,59,78,73,80,69,73,73,40,42,60,46,52,39,39,40,50,57,37,35,42,77,44,50,72,54,68,74,58,67,77,87,124,195,166,30,39,55,67,60,55,95,112,102,124,87,78,103,124,65,47,56,65,82,60,63,43,49,63,53,70,80,75,92,99,105,83,58,67,95,67,48,72,58,67,88,62,54,72,89,61,60,68,84,62,61,62,79,92,39,34,37,32,45,47,50,50,46,42,42,59,60,72,65,43,38,45,41,34,53,48,42,46,65,74,38,35,43,55,64,70,67,89,82,70,60,65,62,59,49,82,79,77,82,85,59,55,83,82,180,98
310106,121.45,31.22,Jingan,78,99,138,117,115,85,98,67,68,54,63,38,36,47,50,49,44,42,92,70,74,63,57,68,77,57,63,73,65,109,99,142,58,107,109,109,122,90,114,127,124,63,34,53,78,65,75,41,88,74,99,104,62,73,39,37,38,36,40,40,43,43,42,55,44,53,63,65,80,67,168,142,105,54,60,58,119,69,99,127,108,109,84,50,99,68,94,98,59,58,68,75,108,53,65,58,74,46,50,67,79,80,87,95,67,77,51,70,64,75,54,104,86,108,102,52,42,55,79,74,67,55,50,72,107,60,43,49,53,68,130,60,43,61,52,59,53,80,73,73,77,74,50,55,61,114,88,134,99,51,47,34,63,50,50,80,60,111,124,179,102,62,41,52,53,82,75,83,57,64,77,89,84,42,55,79,79,58,57,55,47,58,147,158,64,43,42,37,35,42,54,63,39,48,61,113,52,49,40,47,56,62,60,65,133,105,33,43,64,50,46,89,56,36,39,23,21,96,91,111,75,61,105,55,72,95,104,62,38,24,25,29,24,33,39,25,25,37,39,87,79,144,117,155,162,86,75,62,99,89,58,38,23,77,81,42,49,96,77,50,40,57,62,43,29,79,90,42,128,56,55,49,42,50,71,64,68,45,70,49,42,47,98,80,59,56,49,51,43,19,44,55,50,47,52,79,60,70,58,64,54,43,38,49,52,52,66,78,61,63,72,39,68,95,129,133,130,84,98,50,55,48,58,60,41,55,67,97,72,68,62,60,60,87,93,68,75,79,68,52,38,50,48,35,52,78,48,89,113,139,80,45,88,109,112,112,140,73,90,83,57,72,94,45,62,73,73,54,68,60,88,52,92,99,82,103,35,60,82,72,88,67,59,69,57,59,53,52,165,155,63,45,55,89,108,163,127,100,45,59,33,37,38,107,87,90,64,67,46,78,43,43,37,39,50,100,60,44,67,70,38,29,38,40,38,49,47,41,88,52,60,65,42,42,45,45,37,45,43,45,46,59,82,51,40,46,83,65,42,44,64,41,63,97,61,58,72,54,45,50,63,70,41,37,36,48,47,65,49,50,83,55,42,74,75,54,50,46,72,75,93,78,94,98,62,52,94,42,64,55,89,83,59,47,53,82,124,57,85,122,82,48,37,51,36,62,105,115,86,60,75,51,93,89,87,79,111,75,69,49,98,78,47,74,146,89,51,102,111,113,53,80,44,42,59,46,30,55,70,110,113,50,57,63,54,45,74,62,39,41,50,50,70,44,53,36,94,64,45,48,39,48,48,90,53,43,34,47,97,48,50,42,40,43,65,67,48,99,111,81,56,133,104,45,60,55,36,28,53,54,26,23,30,67,82,71,88,62,65,67,93,64,97,53,50,48,47,37,33,32,29,38,33,90,38,39,43,27,33,34,124,122,77,75,161,140,120,75,55,46,56,52,60,69,49,69,94,70,58,57,67,58,53,45,44,43,44,50,75,75,37,43,38,40,42,52,49,54,54,51,46,53,40,52,50,51,47,65,99,90,79,53,54,55,50,50,39,49,70,74,78,58,45,48,82,117,84,58,69,68,63,55,65,72,35,38,59,48,39,37,37,43,53,58,38,36,40,75,40,45,72,54,68,80,60,67,67,89,113,200,172,35,44,65,68,57,55,100,110,100,124,82,72,101,119,77,49,58,79,88,78,77,45,50,66,54,84,101,95,94,101,107,83,64,67,101,79,54,80,54,64,82,69,67,69,90,62,58,70,95,62,62,64,80,93,39,36,39,40,48,48,48,52,42,42,43,60,55,62,61,44,40,43,41,35,50,52,42,46,62,68,39,38,45,58,58,63,67,92,78,74,59,67,62,68,49,82,72,73,70,83,47,47,87,80,178,98
310116,121.2,30.44,Jinshan,53,108,115,112,95,85,87,63,83,57,50,43,29,46,55,53,57,52,107,87,57,60,63,65,74,58,65,65,62,93,94,127,55,90,104,109,134,64,109,115,138,59,41,46,73,88,54,39,89,68,89,112,57,53,38,35,36,31,31,40,43,45,37,58,42,34,38,57,69,68,159,165,142,58,55,57,104,73,97,124,93,90,104,58,55,85,88,89,58,49,67,84,119,60,78,67,72,39,56,84,78,70,60,64,65,90,53,80,72,77,55,109,108,111,112,55,40,50,96,85,67,72,68,107,129,61,47,42,26,85,128,68,44,69,57,64,45,85,84,66,100,97,55,60,78,148,130,138,103,67,60,39,63,50,57,84,70,120,184,195,143,70,44,57,66,74,98,113,80,86,107,116,100,47,100,92,85,86,78,60,58,88,192,190,75,33,48,41,37,50,70,70,45,39,130,112,80,57,54,62,72,77,65,80,110,131,38,36,83,42,46,100,76,40,41,24,22,84,39,93,100,110,114,89,64,75,79,59,42,31,25,20,23,32,46,25,22,36,41,103,105,142,111,130,158,104,79,77,128,111,60,34,24,67,90,82,45,111,78,49,40,35,57,32,22,57,120,88,119,84,82,69,58,58,75,77,65,50,65,42,46,87,138,171,86,79,95,80,60,18,55,65,57,48,53,68,63,95,67,65,52,42,38,52,61,62,86,95,62,73,80,45,64,80,117,134,131,79,114,69,55,47,50,59,48,60,79,79,79,70,60,60,56,70,104,71,60,60,38,53,28,55,45,30,53,65,40,89,117,139,89,44,75,110,113,94,150,65,68,94,39,54,102,46,53,72,63,57,58,53,63,45,95,94,68,99,38,54,60,80,68,54,40,50,69,68,49,43,134,175,67,39,59,84,92,124,144,100,53,59,36,38,39,87,87,109,98,50,53,84,46,47,37,39,57,92,68,47,52,62,34,23,41,45,45,58,49,44,79,59,73,70,39,50,49,40,34,44,41,46,54,61,77,54,41,46,94,58,40,50,62,45,78,97,66,57,81,67,47,63,65,52,37,36,39,35,42,67,57,55,89,60,47,68,90,90,77,45,75,99,129,88,108,74,72,65,113,50,85,69,97,106,85,58,69,96,111,59,83,123,91,60,43,62,40,58,78,126,90,87,84,84,83,87,102,89,130,79,89,68,129,82,43,121,117,82,71,100,133,107,39,50,43,55,71,57,42,68,72,106,124,100,50,42,111,49,80,65,46,44,43,50,85,27,50,39,126,76,54,45,53,48,32,64,58,36,32,46,90,36,46,38,45,40,81,71,46,114,108,92,48,131,141,81,111,63,43,31,62,49,35,27,36,74,74,62,82,65,63,60,91,80,85,59,52,62,67,51,45,33,32,93,94,96,49,39,44,30,40,47,110,146,94,97,149,140,128,107,49,51,75,43,36,52,48,40,85,64,57,57,45,69,51,55,50,49,57,64,96,93,39,42,42,41,42,64,60,63,90,62,52,56,42,43,52,56,55,75,65,88,80,57,60,55,40,60,49,60,62,65,100,60,48,44,60,113,84,65,63,64,54,63,58,59,30,44,50,57,34,33,43,49,57,52,37,39,48,74,45,60,75,55,73,67,58,79,59,103,144,206,170,29,43,58,69,75,54,70,89,77,133,68,49,89,100,50,50,55,63,79,62,57,50,50,68,54,64,85,84,88,80,87,82,73,64,82,67,40,68,73,73,120,53,62,74,99,61,60,58,77,65,62,59,83,84,41,40,36,30,51,49,54,63,44,44,45,59,55,62,69,43,45,43,36,35,31,36,46,45,54,50,38,39,43,60,59,60,77,87,84,72,57,62,57,53,53,95,58,84,62,104,55,46,99,88,180,103
310112,121.22,31.06,Minhang,80,89,105,109,112,102,102,70,53,63,68,39,37,45,54,60,53,45,95,87,75,77,70,77,77,69,78,82,77,100,101,132,69,107,113,105,125,87,117,129,138,74,38,60,93,69,70,37,85,69,94,114,57,58,39,34,34,33,36,39,42,43,50,57,42,44,62,67,73,65,169,152,120,55,69,69,123,75,108,128,113,100,93,49,90,75,95,108,56,52,69,80,108,48,60,58,73,39,57,70,85,77,72,85,63,89,49,77,67,87,59,101,90,112,108,52,39,72,77,77,65,65,59,68,119,58,43,40,39,65,130,67,63,65,60,67,59,81,80,78,94,87,51,62,68,124,139,145,103,52,49,40,58,43,58,82,62,118,161,202,131,65,42,55,60,85,80,85,66,79,87,120,85,44,66,88,80,57,67,61,49,65,183,174,78,40,44,36,35,43,61,70,43,39,114,111,57,48,49,65,73,70,68,70,120,129,34,44,66,40,43,95,65,34,42,22,22,95,84,108,92,95,111,93,67,82,89,61,42,26,26,28,23,39,38,27,25,39,44,101,94,155,122,150,193,95,83,75,131,112,55,38,23,77,84,60,47,112,82,48,50,65,65,34,25,74,102,74,111,70,72,57,47,49,70,67,67,47,68,47,43,60,107,100,80,69,65,59,50,19,48,59,55,49,58,70,73,72,67,62,52,42,36,59,64,67,74,83,77,70,82,43,67,83,124,129,132,102,105,57,59,52,59,62,43,68,78,98,77,69,58,69,58,81,94,75,74,78,64,50,34,60,53,37,62,80,50,94,120,147,92,47,93,113,117,109,153,85,88,82,57,69,94,49,63,84,68,65,64,55,79,54,92,93,73,94,38,62,84,77,75,55,49,63,60,65,49,54,144,153,68,43,57,85,110,149,130,90,48,59,35,39,42,95,85,95,78,47,55,83,47,48,39,41,49,94,63,47,59,69,35,25,42,45,41,54,47,45,95,55,70,65,40,48,48,50,36,47,39,47,52,65,83,55,42,50,87,63,40,46,70,46,79,106,61,62,85,58,47,61,70,60,40,37,37,44,52,66,55,57,90,58,44,77,84,96,72,46,75,88,120,86,112,87,68,60,108,44,80,65,92,102,69,52,66,95,123,54,85,122,84,55,39,61,39,60,97,126,95,67,74,71,82,104,112,99,130,88,75,58,111,73,44,104,141,85,58,120,121,125,47,82,42,48,70,51,36,48,67,129,142,83,54,57,100,49,80,57,40,40,48,46,78,33,37,36,140,74,44,41,43,39,49,75,45,44,37,46,96,47,49,39,42,43,81,70,50,102,105,88,67,126,115,66,79,60,38,29,58,57,29,27,34,80,96,77,95,73,64,74,102,81,93,51,51,60,68,45,36,41,35,58,44,100,44,42,43,31,35,39,131,136,91,88,178,153,126,82,50,53,67,52,67,59,45,64,99,77,72,72,68,59,62,57,47,50,53,54,87,87,36,46,40,42,45,59,53,55,63,57,50,56,33,60,53,57,53,75,100,89,79,67,67,60,64,62,47,69,69,80,82,61,58,55,84,118,87,62,82,82,82,70,80,77,35,41,63,55,39,40,42,57,62,62,45,40,49,75,49,60,70,63,79,87,65,73,79,94,127,221,180,35,48,70,72,64,63,98,103,95,124,85,70,95,112,69,51,57,75,94,73,70,47,55,67,55,79,93,89,97,97,95,75,69,69,97,73,52,69,60,69,93,57,60,68,94,62,58,58,85,63,62,59,85,95,40,38,33,35,50,50,54,57,42,41,43,61,57,66,64,44,41,43,37,36,37,43,43,47,67,52,39,40,42,58,55,65,68,88,82,68,59,67,62,70,52,83,63,77,52,80,49,40,88,82,182,104
310115,121.54,31.22,Pudong,55,94,137,119,105,82,89,54,54,52,54,32,34,43,44,47,40,40,82,62,64,57,47,52,74,47,47,59,60,104,90,129,51,98,107,98,117,79,110,124,128,59,36,52,74,59,65,42,83,68,90,109,63,55,40,37,39,36,40,38,47,47,36,53,47,39,59,57,69,58,159,137,99,54,49,48,132,72,108,129,107,107,90,50,80,69,95,108,57,47,64,79,102,53,59,62,74,47,55,67,77,79,62,75,59,75,54,78,71,65,53,104,89,124,94,54,43,60,83,74,68,66,59,73,113,55,46,35,37,67,102,42,41,68,44,54,41,87,77,80,85,90,61,72,72,124,95,134,104,63,60,38,52,35,50,74,61,119,171,202,121,73,48,55,63,78,92,87,75,77,83,95,88,46,60,84,77,68,60,62,57,70,177,169,76,43,50,38,41,43,57,71,47,37,59,99,54,53,54,70,77,71,58,77,136,108,40,40,57,36,54,88,62,41,36,22,24,82,88,120,85,82,90,93,67,85,90,60,36,24,24,27,22,35,38,26,27,44,44,95,92,147,122,171,183,95,87,70,108,90,68,32,24,82,89,49,49,120,88,56,39,53,50,32,20,78,85,45,105,64,61,53,47,54,74,68,71,47,77,50,46,49,103,95,75,62,50,55,48,19,39,53,60,50,51,73,57,65,48,73,63,47,40,44,46,55,75,85,70,69,82,38,48,77,125,124,118,81,113,54,59,50,48,60,44,46,75,83,73,67,54,50,57,83,89,62,49,64,59,46,30,40,38,31,42,49,45,87,109,133,70,39,70,100,115,105,149,69,73,72,43,59,98,38,48,54,47,49,54,42,70,50,94,93,68,98,30,44,64,64,78,50,41,52,57,50,31,38,133,143,49,35,55,89,113,168,117,97,48,57,37,41,41,108,90,95,63,46,55,78,46,47,43,44,57,100,68,50,63,69,37,26,41,44,43,55,46,47,94,54,78,58,45,50,49,42,42,51,44,49,52,63,70,60,44,51,80,65,45,44,62,47,85,106,63,66,79,53,51,62,65,54,44,40,37,44,50,70,63,66,96,65,50,62,71,61,66,50,72,81,110,85,104,92,82,64,98,48,65,68,95,98,70,57,56,92,122,52,84,130,78,61,43,61,40,59,97,129,100,67,79,66,73,92,100,94,128,95,75,57,96,74,50,73,148,80,63,113,124,133,50,85,45,48,63,49,33,50,68,112,123,66,49,71,68,50,86,73,47,47,47,49,72,35,40,39,114,77,50,46,48,37,48,90,41,35,40,36,110,43,49,46,48,35,98,87,35,120,106,90,59,147,114,62,67,59,36,28,55,57,28,28,33,86,96,80,86,75,60,73,106,71,84,49,46,53,60,39,30,35,28,35,35,103,43,37,40,28,35,26,123,130,83,79,175,130,95,69,51,54,65,49,57,64,51,63,97,66,48,62,58,54,47,43,47,47,47,53,81,85,39,48,40,43,48,54,50,56,59,60,55,62,49,45,55,60,50,77,97,95,77,46,49,48,50,48,43,46,60,62,72,56,42,43,69,112,87,56,65,62,55,54,70,65,36,41,60,48,36,33,32,40,43,55,36,35,38,74,39,39,64,48,55,72,52,63,59,85,110,202,179,28,37,50,64,53,43,88,102,88,113,74,58,88,103,67,48,54,79,85,70,63,42,46,66,53,75,92,82,98,92,89,79,63,65,100,69,38,65,53,65,82,59,64,67,89,58,54,53,89,60,61,55,85,100,41,40,35,33,52,55,55,52,40,42,42,66,60,70,63,48,42,43,43,38,40,47,41,43,59,38,41,37,46,42,55,63,65,87,74,70,56,63,60,60,49,78,62,82,54,84,48,45,88,78,178,99
310107,121.39,31.24,Putuo,75,97,139,112,111,89,92,65,69,60,65,40,38,47,55,55,50,40,92,83,75,70,62,75,74,63,67,75,68,102,98,135,58,104,110,109,122,93,114,128,137,74,43,64,88,80,85,39,84,72,93,107,61,67,38,34,36,33,40,54,40,45,52,54,41,67,69,62,77,64,156,129,104,63,68,68,122,83,100,125,108,109,92,57,102,70,100,104,59,58,75,78,113,62,72,59,77,40,53,65,84,87,90,101,69,83,52,70,63,85,57,102,85,115,104,52,38,62,80,73,69,59,51,80,120,68,44,47,53,70,129,64,50,59,70,78,53,84,89,85,83,71,47,55,61,124,105,144,99,52,44,49,69,60,53,79,60,133,124,190,116,63,41,52,59,95,70,88,59,74,90,100,95,45,64,93,94,62,54,52,44,56,142,158,75,48,50,47,39,43,52,62,36,23,64,129,57,48,48,60,60,65,65,63,130,94,33,37,55,50,37,93,60,34,42,22,20,102,93,112,77,60,99,60,70,90,85,70,41,29,28,40,28,35,40,27,25,33,36,85,80,141,111,148,168,80,66,59,97,88,55,55,34,70,74,55,65,87,75,48,62,68,75,49,33,73,90,49,143,54,55,51,40,49,68,54,61,43,69,54,45,60,111,90,78,85,60,65,54,27,50,57,46,46,65,80,82,72,72,46,55,47,37,67,65,67,82,94,100,82,77,40,78,97,128,129,124,100,99,53,54,50,70,73,49,72,82,100,75,69,73,77,68,88,94,80,85,83,78,62,35,65,53,39,63,87,54,87,115,147,93,48,90,109,114,118,147,87,98,92,60,77,104,49,63,85,84,60,73,67,95,55,93,100,85,107,35,73,83,74,93,68,65,67,60,65,67,57,169,163,78,42,59,92,108,166,132,103,43,60,34,36,41,105,87,90,72,69,52,88,43,43,36,36,53,100,65,42,63,68,42,32,41,43,42,50,52,40,87,55,62,64,42,43,49,44,37,44,48,45,47,58,84,50,38,45,82,63,45,50,74,42,62,99,62,57,74,63,48,58,55,73,41,35,34,50,59,64,48,58,79,48,53,74,75,57,48,42,70,78,96,85,84,82,63,48,95,47,63,62,90,83,60,45,53,79,127,54,76,95,85,42,40,47,32,60,99,107,91,63,73,55,97,93,89,82,116,66,83,48,91,80,62,78,140,99,48,96,111,105,55,67,55,40,59,52,33,60,77,110,100,44,64,55,58,45,65,57,40,42,58,54,58,48,58,36,93,61,37,40,36,54,53,61,45,35,32,40,74,36,54,47,47,52,57,68,57,82,88,70,51,120,85,43,64,47,35,28,46,48,26,27,24,53,55,55,79,57,55,54,89,60,90,54,48,47,44,34,36,37,33,41,38,65,44,52,40,28,29,52,103,100,69,70,131,142,133,80,47,46,64,44,49,70,49,50,99,62,53,60,55,53,54,48,46,46,45,54,86,94,38,46,39,43,45,59,51,55,55,55,48,52,42,62,55,54,47,78,106,92,83,63,59,49,50,55,40,58,68,72,80,61,47,48,90,117,94,61,84,78,73,70,80,80,35,38,60,48,45,40,43,50,60,60,42,40,40,78,47,53,69,55,75,83,64,69,70,88,118,202,168,35,35,55,69,63,64,103,111,103,125,89,70,102,119,73,50,58,80,97,78,78,49,52,65,54,80,97,85,96,100,103,88,66,67,102,78,49,74,62,70,89,64,64,77,94,62,60,60,82,63,63,69,84,101,37,38,42,43,47,46,50,52,44,42,45,70,58,60,63,42,39,44,39,38,58,54,44,48,74,74,38,38,53,65,58,62,68,89,80,73,63,69,68,72,52,82,75,74,73,83,51,48,89,81,182,101
310118,121.12,31.15,Qingpu,80,100,128,112,110,95,93,59,88,64,74,43,34,49,53,50,53,50,103,87,68,57,58,77,85,63,65,74,67,113,114,148,55,107,123,123,140,69,113,125,155,74,36,58,84,93,65,40,88,78,103,125,58,68,43,38,39,37,36,52,42,41,40,60,43,53,53,73,85,79,183,156,130,67,59,55,122,78,108,130,114,107,100,58,57,85,95,97,61,53,69,83,119,54,72,59,85,43,53,84,87,85,78,109,74,94,54,80,66,90,63,109,89,115,117,55,45,53,93,83,77,69,63,109,140,78,43,55,49,80,156,75,37,69,62,68,49,89,70,76,100,95,52,61,76,147,174,166,120,49,51,33,72,48,63,87,85,131,151,179,140,65,39,52,70,62,84,109,62,95,117,153,102,48,92,102,110,85,89,64,47,81,193,186,86,36,54,39,35,48,76,75,38,37,114,128,59,47,46,49,82,69,84,73,125,152,30,35,87,52,43,129,80,32,48,24,23,120,92,115,82,94,93,68,78,101,102,79,48,31,27,23,25,45,44,25,24,35,42,94,138,142,137,147,196,109,93,81,143,141,75,42,27,82,85,43,42,130,86,50,44,43,72,37,17,75,133,94,155,102,96,80,54,61,75,75,71,50,66,44,49,77,133,119,80,77,88,70,64,23,61,85,51,46,54,79,70,114,82,75,66,40,40,47,65,67,88,87,74,68,89,45,62,89,118,139,131,101,113,63,65,50,69,62,47,68,88,80,77,76,57,65,60,80,102,72,83,82,58,58,32,49,43,33,52,80,40,87,125,130,88,38,75,104,123,107,143,78,79,82,48,62,97,43,48,72,78,47,60,68,87,49,103,99,74,104,33,55,70,72,89,59,52,55,59,55,60,48,149,178,73,43,58,83,93,142,143,100,45,60,39,40,42,90,82,99,87,53,57,83,52,50,41,42,50,93,59,48,50,57,35,24,45,47,44,55,46,46,75,65,80,69,44,48,43,36,37,43,40,47,49,61,95,54,40,43,89,63,38,49,70,44,84,114,65,65,82,59,45,57,65,47,40,35,33,52,57,65,53,62,94,60,53,78,85,104,80,45,75,99,129,91,101,82,68,63,120,50,82,65,101,102,78,50,66,107,145,60,102,126,102,50,45,62,41,65,100,130,97,86,85,65,94,106,111,100,139,77,83,61,136,94,40,136,140,84,51,111,126,130,44,70,47,46,62,50,30,49,90,100,123,63,58,48,99,40,92,58,34,35,51,53,85,32,39,40,153,86,43,47,52,46,38,65,43,42,33,46,95,35,52,45,39,40,60,70,49,96,115,94,84,169,152,57,117,88,49,33,61,71,36,27,36,79,87,71,100,70,74,70,100,89,96,67,65,74,81,55,47,48,49,87,84,85,52,46,49,41,40,43,141,140,111,104,181,153,175,80,47,59,89,54,52,82,48,44,89,78,78,80,47,65,54,57,54,54,68,66,103,100,37,47,44,46,46,71,66,71,85,69,57,58,43,58,61,68,70,77,84,89,81,65,70,68,69,72,55,63,73,79,104,58,54,58,89,118,91,67,89,87,87,87,83,77,37,45,58,57,47,37,43,48,59,52,38,40,47,83,58,60,80,58,80,79,63,78,78,103,152,212,183,29,44,73,75,72,62,92,103,101,130,92,69,103,120,64,51,57,60,84,73,80,54,54,72,55,67,84,83,94,98,101,92,67,68,94,82,48,73,74,78,112,62,60,83,100,67,63,63,84,68,65,57,80,98,39,37,35,34,48,50,57,60,48,43,44,56,56,61,65,43,41,41,40,35,44,42,45,50,62,73,38,34,52,69,62,63,67,89,88,70,63,71,68,69,55,84,63,76,63,84,56,40,85,90,168,108
310117,121.22,31.03,Songjiang,77,98,118,114,109,100,93,70,74,62,67,44,34,45,50,49,43,43,94,80,70,67,65,75,75,64,77,80,69,93,99,130,55,103,132,114,135,75,115,128,156,70,35,59,82,88,65,39,89,74,97,118,58,62,39,36,36,33,36,40,43,44,44,60,42,48,53,62,78,74,183,178,132,67,59,62,127,79,109,133,113,99,98,53,75,88,100,105,59,53,73,85,117,50,74,63,80,39,50,81,88,88,75,100,77,109,52,77,70,89,55,97,92,110,112,59,43,55,84,77,70,69,63,84,122,62,45,42,43,64,138,69,45,67,57,67,45,84,73,78,91,85,52,59,75,150,150,155,115,57,55,34,63,47,62,84,77,124,161,185,135,65,40,54,63,68,86,95,69,85,97,142,92,47,83,94,92,69,80,67,50,73,184,187,80,34,52,42,40,47,70,73,42,43,110,128,57,52,48,37,75,70,74,74,119,148,35,36,77,49,42,106,75,34,46,20,22,104,89,115,90,99,104,85,72,88,89,70,46,27,27,27,24,39,40,27,36,38,44,92,102,146,135,142,175,111,89,79,127,130,55,35,25,78,75,57,41,126,84,53,48,48,65,40,22,70,122,95,119,75,82,69,48,55,42,70,67,47,65,46,45,66,120,106,80,62,82,65,54,16,57,65,52,48,52,65,63,95,58,70,54,41,38,49,53,57,72,85,69,68,79,48,63,77,125,143,143,101,111,63,65,53,60,58,45,69,81,84,74,74,61,69,55,79,104,70,74,75,52,48,34,55,44,34,57,82,44,85,117,135,88,40,82,105,122,108,139,78,87,88,47,63,93,44,55,83,70,60,67,67,82,47,97,98,73,97,37,60,75,75,79,55,50,60,59,65,59,48,149,172,69,43,58,84,95,145,135,98,45,57,34,37,39,92,85,105,85,45,50,85,46,45,36,38,50,92,63,43,58,64,33,24,40,42,41,48,44,43,78,56,65,65,42,45,50,43,35,41,40,45,48,48,88,49,38,45,87,60,39,44,60,42,67,91,64,57,78,62,48,54,60,55,39,36,40,43,54,62,49,50,80,52,45,73,80,103,73,44,69,85,119,82,99,73,65,57,110,44,79,62,90,91,68,52,64,94,121,53,87,120,92,55,39,61,40,55,94,122,86,77,80,65,94,109,109,91,126,81,81,60,122,78,40,115,130,84,53,104,122,119,42,68,45,50,70,48,39,57,75,114,130,85,64,49,111,48,87,60,40,40,47,52,85,30,39,39,147,76,47,46,48,52,49,71,54,44,38,50,102,35,50,40,43,42,75,76,52,105,114,93,75,135,140,72,115,89,45,30,51,55,33,27,34,78,76,74,94,66,70,65,97,90,88,61,59,68,81,56,46,41,43,80,93,91,48,39,48,36,39,44,131,144,100,95,176,157,149,89,49,52,79,50,62,57,48,53,98,77,72,85,57,60,59,58,49,50,57,60,94,92,40,44,42,43,45,65,60,60,77,62,53,60,44,54,58,62,60,73,89,85,79,64,65,58,55,63,45,63,65,75,90,60,59,55,79,105,87,62,79,80,78,73,74,65,39,45,54,52,39,37,42,52,64,55,38,37,43,72,49,60,69,62,84,85,64,69,79,90,132,201,163,33,42,73,69,62,64,99,105,101,124,92,68,97,112,69,49,55,64,88,67,70,50,52,70,52,64,83,77,94,92,97,84,69,65,87,74,50,70,67,67,103,59,65,70,93,65,60,63,82,68,63,54,82,97,38,37,34,34,47,47,54,58,43,41,42,55,54,62,64,41,41,41,38,34,35,38,45,48,60,60,38,34,45,70,62,63,64,88,87,71,59,69,61,69,54,87,63,72,55,81,51,42,85,83,171,104
310104,121.43,31.18,Xuhui,78,99,138,117,115,85,98,67,68,54,63,38,36,47,50,49,44,42,92,70,74,63,57,68,77,57,63,73,65,109,99,142,58,107,109,109,122,90,114,127,124,63,34,53,78,65,75,41,88,74,99,104,62,73,39,37,38,36,40,40,43,43,42,55,44,53,63,65,80,67,168,142,105,54,60,58,119,69,99,127,108,109,84,50,99,68,94,98,59,58,68,75,108,53,65,58,74,46,50,67,79,80,87,95,67,77,51,70,64,75,54,104,86,108,102,52,42,55,79,74,67,55,50,72,107,60,43,49,53,68,130,60,43,61,52,59,53,80,73,73,77,74,50,55,61,114,88,134,99,51,47,34,63,50,50,80,60,111,124,179,102,62,41,52,53,82,75,83,57,64,77,89,84,42,55,79,79,58,57,55,47,58,147,158,64,43,42,37,35,42,54,63,39,48,61,113,52,49,40,47,56,62,60,65,133,105,33,43,64,50,46,89,56,36,39,23,21,96,91,111,75,61,105,55,72,95,104,62,38,24,25,29,24,33,39,25,25,37,39,87,79,144,117,155,162,86,75,62,99,89,58,38,23,77,81,42,49,96,77,50,40,57,62,43,29,79,90,42,128,56,55,49,42,50,71,64,68,45,70,49,42,47,98,80,59,56,49,51,43,19,44,55,50,47,52,79,60,70,58,64,54,43,38,49,52,52,66,78,61,63,72,39,68,95,129,133,130,84,98,50,55,48,58,60,41,55,67,97,72,68,62,60,60,87,93,68,75,79,68,52,38,50,48,35,52,78,48,89,113,139,80,45,88,109,112,112,140,73,90,83,57,72,94,45,62,73,73,54,68,60,88,52,92,99,82,103,35,60,82,72,88,67,59,69,57,59,53,52,165,155,63,45,55,89,108,163,127,100,45,59,33,37,38,107,87,90,64,67,46,78,43,43,37,39,50,100,60,44,67,70,38,29,38,40,38,49,47,41,88,52,60,65,42,42,45,45,37,45,43,45,46,59,82,51,40,46,83,65,42,44,64,41,63,97,61,58,72,54,45,50,63,70,41,37,36,48,47,65,49,50,83,55,42,74,75,54,50,46,72,75,93,78,94,98,62,52,94,42,64,55,89,83,59,47,53,82,124,57,85,122,82,48,37,51,36,62,105,115,86,60,75,51,93,89,87,79,111,75,69,49,98,78,47,74,146,89,51,102,111,113,53,80,44,42,59,46,30,55,70,110,113,50,57,63,54,45,74,62,39,41,50,50,70,44,53,36,94,64,45,48,39,48,48,90,53,43,34,47,97,48,50,42,40,43,65,67,48,99,111,81,56,133,104,45,60,55,36,28,53,54,26,23,30,67,82,71,88,62,65,67,93,64,97,53,50,48,47,37,33,32,29,38,33,90,38,39,43,27,33,34,124,122,77,75,161,140,120,75,55,46,56,52,60,69,49,69,94,70,58,57,67,58,53,45,44,43,44,50,75,75,37,43,38,40,42,52,49,54,54,51,46,53,40,52,50,51,47,65,99,90,79,53,54,55,50,50,39,49,70,74,78,58,45,48,82,117,84,58,69,68,63,55,65,72,35,38,59,48,39,37,37,43,53,58,38,36,40,75,40,45,72,54,68,80,60,67,67,89,113,200,172,35,44,65,68,57,55,100,110,100,124,82,72,101,119,77,49,58,79,88,78,77,45,50,66,54,84,101,95,94,101,107,83,64,67,101,79,54,80,54,64,82,69,67,69,90,62,58,70,95,62,62,64,80,93,39,36,39,40,48,48,48,52,42,42,43,60,55,62,61,44,40,43,41,35,50,52,42,46,62,68,39,38,45,58,58,63,67,92,78,74,59,67,62,68,49,82,72,73,70,83,47,47,87,80,178,98
310110,121.52,31.26,Yangpu,69,95,142,124,108,87,92,62,65,53,72,37,35,44,47,52,47,39,88,78,70,65,55,64,75,58,57,69,60,109,95,139,51,104,107,105,115,79,113,127,128,69,36,57,77,67,77,40,83,72,100,110,60,65,39,37,38,35,38,38,44,43,40,57,45,52,63,67,79,65,172,133,103,52,67,59,123,73,99,128,110,114,87,57,98,72,103,102,58,60,65,80,113,64,63,63,77,47,53,68,78,85,85,92,65,73,57,76,70,75,54,107,96,120,95,55,45,62,82,67,77,73,55,67,103,77,47,59,62,75,114,63,49,59,65,78,64,84,80,90,80,75,51,55,59,116,74,126,99,55,49,40,57,53,53,79,61,106,142,201,102,63,40,43,49,88,77,79,59,64,70,84,85,46,52,76,79,48,54,55,50,62,128,129,62,43,37,40,38,38,35,67,42,47,43,90,52,48,45,50,50,49,46,60,115,72,34,47,63,50,48,89,56,37,37,25,28,82,87,115,66,64,105,59,69,94,100,59,35,24,20,27,26,28,36,26,26,37,36,77,68,111,90,137,127,71,65,47,85,74,49,39,24,72,72,39,48,62,53,46,39,58,60,40,28,68,75,42,103,48,55,43,43,48,64,60,64,38,65,44,42,48,83,73,58,54,48,50,40,23,45,52,49,44,52,77,58,58,58,56,54,40,35,47,53,50,67,76,63,67,67,35,55,84,134,136,70,100,100,48,52,45,65,56,42,55,62,100,74,71,58,58,62,90,96,67,78,84,73,55,34,48,50,35,53,80,54,87,107,133,80,40,77,110,110,113,144,83,95,85,59,80,93,45,29,69,78,65,69,65,95,59,93,92,90,99,33,28,60,62,87,77,63,65,59,63,58,52,139,147,95,63,58,87,107,170,117,102,43,59,33,38,38,108,87,87,59,70,49,74,53,52,39,41,49,99,62,46,74,74,44,35,39,40,40,46,53,43,94,50,77,62,41,44,47,53,37,46,45,47,47,59,77,55,50,46,88,69,45,47,65,40,65,96,63,68,72,52,53,68,70,73,41,37,37,47,52,76,57,57,80,54,44,73,90,58,60,47,72,77,101,103,99,105,72,61,92,48,63,55,89,82,58,48,60,50,130,67,88,127,72,35,44,54,39,59,102,123,60,66,69,58,85,89,62,63,61,80,65,48,90,72,46,70,148,92,55,80,119,125,60,80,40,40,52,53,28,68,67,108,80,53,55,54,50,38,70,65,37,40,48,57,62,48,53,38,68,55,42,46,36,47,50,74,75,48,39,50,75,40,50,50,40,44,70,69,48,97,102,84,50,130,103,44,58,58,34,30,54,54,28,28,30,54,70,46,79,52,57,60,88,54,81,46,49,43,40,35,31,32,28,28,32,79,35,39,45,26,30,28,119,82,55,59,137,110,100,63,50,43,49,53,65,72,46,65,90,70,67,60,70,60,55,42,42,41,52,44,64,69,35,41,33,37,39,45,42,45,57,55,52,55,40,55,52,52,53,73,99,92,83,53,69,69,68,63,44,52,72,73,74,58,48,55,79,115,86,59,78,74,82,68,77,78,37,43,60,42,39,37,37,48,55,60,42,34,42,75,45,45,65,59,68,92,72,64,82,93,107,203,186,33,45,64,68,52,50,104,115,72,125,102,98,111,120,90,53,58,78,92,82,80,49,50,69,57,84,102,93,100,104,109,85,64,69,105,79,62,85,65,67,85,78,68,72,93,62,60,65,94,63,63,63,90,104,30,37,38,40,47,50,53,54,45,42,43,62,59,67,62,46,43,44,40,35,59,50,43,48,72,67,40,40,50,63,63,67,65,85,70,80,62,66,64,75,50,73,78,75,82,100,50,48,85,73,183,101
